[{"fname":"rijvan","lname":"juneja","age":"22","number":"34324234","email":"asdfqwfqw","gender":"male","singing":"on","travelling":"on","address":"qf qxnqutqnowesnw qytiqyxnqowe","id":1},{"fname":"abhishek","lname":"verma","age":"22","number":"34324234","email":"asdfqwfqw","gender":"male","singing":"on","dancing":"on","painting":"on","travelling":"on","address":"qf qxnqutqnowesnw qytiqyxnqowe","id":2},{"fname":"jil","lname":"patel","age":"22","number":"34324234","email":"asdfqwfqw","gender":"male","singing":"on","painting":"on","travelling":"on","address":"qf qxnqutqnowesnw qytiqyxnqowe","id":3}]